taxon	mean_abundance	prevalence	taxon_short
k__Bacteria|p__Bacteroidetes|c__Bacteroidia|o__Bacteroidales|f__Bacteroidaceae|g__Bacteroides|s__Bacteroides_vulgatus	0.115564072945464	1	s__Bacteroides_vulgatus
k__Bacteria|p__Bacteroidetes|c__Bacteroidia|o__Bacteroidales|f__Bacteroidaceae|g__Bacteroides|s__Bacteroides_dorei	0.0723831328209107	0.916666666666667	s__Bacteroides_dorei
k__Bacteria|p__Bacteroidetes|c__Bacteroidia|o__Bacteroidales|f__Bacteroidaceae|g__Bacteroides|s__Bacteroides_uniformis	0.0688001362182862	0.933333333333333	s__Bacteroides_uniformis
k__Bacteria|p__Firmicutes|c__Clostridia|o__Clostridiales|f__Ruminococcaceae|g__Faecalibacterium|s__Faecalibacterium_prausnitzii	0.0566292836368032	0.908333333333333	s__Faecalibacterium_prausnitzii
k__Bacteria|p__Bacteroidetes|c__Bacteroidia|o__Bacteroidales|f__Bacteroidaceae|g__Bacteroides|s__Bacteroides_fragilis	0.0470253971102851	0.825	s__Bacteroides_fragilis
k__Bacteria|p__Actinobacteria|c__Actinobacteria|o__Bifidobacteriales|f__Bifidobacteriaceae|g__Bifidobacterium|s__Bifidobacterium_bifidum	0.035488880514556	0.733333333333333	s__Bifidobacterium_bifidum
k__Bacteria|p__Actinobacteria|c__Actinobacteria|o__Bifidobacteriales|f__Bifidobacteriaceae|g__Bifidobacterium|s__Bifidobacterium_longum	0.0323228735128412	0.958333333333333	s__Bifidobacterium_longum
k__Bacteria|p__Firmicutes|c__Clostridia|o__Clostridiales|f__Lachnospiraceae|g__Blautia|s__Blautia_wexlerae	0.0316278019810552	0.875	s__Blautia_wexlerae
k__Bacteria|p__Bacteroidetes|c__Bacteroidia|o__Bacteroidales|f__Bacteroidaceae|g__Bacteroides|s__Bacteroides_ovatus	0.0299648425194069	0.833333333333333	s__Bacteroides_ovatus
k__Bacteria|p__Bacteroidetes|c__Bacteroidia|o__Bacteroidales|f__Tannerellaceae|g__Parabacteroides|s__Parabacteroides_distasonis	0.0250885360440616	0.816666666666667	s__Parabacteroides_distasonis
k__Bacteria|p__Firmicutes|c__Clostridia|o__Clostridiales|f__Lachnospiraceae|g__Roseburia|s__Roseburia_intestinalis	0.024924106829802	0.533333333333333	s__Roseburia_intestinalis
k__Bacteria|p__Bacteroidetes|c__Bacteroidia|o__Bacteroidales|f__Prevotellaceae|g__Prevotella|s__Prevotella_copri	0.0220877388197954	0.383333333333333	s__Prevotella_copri
k__Bacteria|p__Firmicutes|c__Clostridia|o__Clostridiales|f__Lachnospiraceae|g__Anaerostipes|s__Anaerostipes_hadrus	0.0206386915706863	0.808333333333333	s__Anaerostipes_hadrus
k__Bacteria|p__Firmicutes|c__Clostridia|o__Clostridiales|f__Lachnospiraceae|g__Blautia|s__Ruminococcus_gnavus	0.019874089199673	0.908333333333333	s__Ruminococcus_gnavus
k__Bacteria|p__Firmicutes|c__Clostridia|o__Clostridiales|f__Lachnospiraceae|g__Roseburia|s__Roseburia_faecis	0.0193084421881613	0.35	s__Roseburia_faecis
k__Bacteria|p__Actinobacteria|c__Actinobacteria|o__Bifidobacteriales|f__Bifidobacteriaceae|g__Bifidobacterium|s__Bifidobacterium_pseudocatenulatum	0.0190839708912501	0.541666666666667	s__Bifidobacterium_pseudocatenulatum
k__Bacteria|p__Firmicutes|c__Clostridia|o__Clostridiales|f__Ruminococcaceae|g__Ruminococcus|s__Ruminococcus_bromii	0.0179388300288988	0.483333333333333	s__Ruminococcus_bromii
k__Bacteria|p__Firmicutes|c__Clostridia|o__Clostridiales|f__Lachnospiraceae|g__Lachnospiraceae_unclassified|s__Eubacterium_rectale	0.0179078977347117	0.441666666666667	s__Eubacterium_rectale
k__Bacteria|p__Bacteroidetes|c__Bacteroidia|o__Bacteroidales|f__Bacteroidaceae|g__Bacteroides|s__Bacteroides_thetaiotaomicron	0.0162004757630511	0.408333333333333	s__Bacteroides_thetaiotaomicron
k__Bacteria|p__Bacteroidetes|c__Bacteroidia|o__Bacteroidales|f__Bacteroidaceae|g__Bacteroides|s__Bacteroides_caccae	0.015842497186177	0.408333333333333	s__Bacteroides_caccae
k__Bacteria|p__Actinobacteria|c__Actinobacteria|o__Bifidobacteriales|f__Bifidobacteriaceae|g__Bifidobacterium|s__Bifidobacterium_adolescentis	0.0142544447913584	0.316666666666667	s__Bifidobacterium_adolescentis
k__Bacteria|p__Bacteroidetes|c__Bacteroidia|o__Bacteroidales|f__Bacteroidaceae|g__Bacteroides|s__Bacteroides_faecis	0.0127463660650352	0.25	s__Bacteroides_faecis
k__Bacteria|p__Firmicutes|c__Negativicutes|o__Veillonellales|f__Veillonellaceae|g__Veillonella|s__Veillonella_parvula	0.0118939724858329	0.741666666666667	s__Veillonella_parvula
k__Bacteria|p__Verrucomicrobia|c__Verrucomicrobiae|o__Verrucomicrobiales|f__Akkermansiaceae|g__Akkermansia|s__Akkermansia_muciniphila	0.0118738083793176	0.441666666666667	s__Akkermansia_muciniphila
k__Bacteria|p__Firmicutes|c__Clostridia|o__Clostridiales|f__Ruminococcaceae|g__Flavonifractor|s__Flavonifractor_plautii	0.010817351718228	0.925	s__Flavonifractor_plautii
k__Bacteria|p__Actinobacteria|c__Actinobacteria|o__Bifidobacteriales|f__Bifidobacteriaceae|g__Bifidobacterium|s__Bifidobacterium_breve	0.00990749126981208	0.658333333333333	s__Bifidobacterium_breve
k__Bacteria|p__Proteobacteria|c__Gammaproteobacteria|o__Enterobacterales|f__Enterobacteriaceae|g__Escherichia|s__Escherichia_coli	0.00957487713665505	0.716666666666667	s__Escherichia_coli
k__Bacteria|p__Bacteroidetes|c__Bacteroidia|o__Bacteroidales|f__Rikenellaceae|g__Alistipes|s__Alistipes_putredinis	0.00942660820803557	0.283333333333333	s__Alistipes_putredinis
k__Bacteria|p__Bacteroidetes|c__Bacteroidia|o__Bacteroidales|f__Bacteroidaceae|g__Bacteroides|s__Bacteroides_cellulosilyticus	0.00939274090774937	0.258333333333333	s__Bacteroides_cellulosilyticus
k__Bacteria|p__Actinobacteria|c__Coriobacteriia|o__Coriobacteriales|f__Coriobacteriaceae|g__Collinsella|s__Collinsella_aerofaciens	0.00874261105915699	0.433333333333333	s__Collinsella_aerofaciens
k__Bacteria|p__Firmicutes|c__Clostridia|o__Clostridiales|f__Lachnospiraceae|g__Roseburia|s__Roseburia_inulinivorans	0.00824032746104166	0.491666666666667	s__Roseburia_inulinivorans
k__Bacteria|p__Bacteroidetes|c__Bacteroidia|o__Bacteroidales|f__Bacteroidaceae|g__Bacteroides|s__Bacteroides_stercoris	0.00796185503130372	0.133333333333333	s__Bacteroides_stercoris
k__Bacteria|p__Firmicutes|c__Clostridia|o__Clostridiales|f__Lachnospiraceae|g__Fusicatenibacter|s__Fusicatenibacter_saccharivorans	0.00753600520227133	0.45	s__Fusicatenibacter_saccharivorans
k__Bacteria|p__Firmicutes|c__Clostridia|o__Clostridiales|f__Eubacteriaceae|g__Eubacterium|s__Eubacterium_sp_CAG_38	0.00695166830094892	0.45	s__Eubacterium_sp_CAG_38
k__Bacteria|p__Bacteroidetes|c__Bacteroidia|o__Bacteroidales|f__Bacteroidaceae|g__Bacteroides|s__Bacteroides_finegoldii	0.00618950627085471	0.116666666666667	s__Bacteroides_finegoldii
k__Bacteria|p__Bacteroidetes|c__Bacteroidia|o__Bacteroidales|f__Rikenellaceae|g__Alistipes|s__Alistipes_finegoldii	0.00617580500467682	0.341666666666667	s__Alistipes_finegoldii
k__Bacteria|p__Firmicutes|c__Clostridia|o__Clostridiales|f__Eubacteriaceae|g__Eubacterium|s__Eubacterium_eligens	0.00577893759916719	0.425	s__Eubacterium_eligens
k__Bacteria|p__Bacteroidetes|c__Bacteroidia|o__Bacteroidales|f__Bacteroidaceae|g__Bacteroides|s__Bacteroides_xylanisolvens	0.00515858576798189	0.316666666666667	s__Bacteroides_xylanisolvens
k__Bacteria|p__Firmicutes|c__Negativicutes|o__Veillonellales|f__Veillonellaceae|g__Veillonella|s__Veillonella_atypica	0.00507333343589334	0.575	s__Veillonella_atypica
k__Bacteria|p__Firmicutes|c__Clostridia|o__Clostridiales|f__Lachnospiraceae|g__Blautia|s__Ruminococcus_torques	0.0047471109955337	0.25	s__Ruminococcus_torques
k__Bacteria|p__Firmicutes|c__Clostridia|o__Clostridiales|f__Lachnospiraceae|g__Lachnospira|s__Lachnospira_pectinoschiza	0.00460307045296839	0.291666666666667	s__Lachnospira_pectinoschiza
k__Bacteria|p__Firmicutes|c__Clostridia|o__Clostridiales|f__Clostridiaceae|g__Clostridium|s__Clostridium_neonatale	0.00411330830352608	0.208333333333333	s__Clostridium_neonatale
k__Bacteria|p__Firmicutes|c__Clostridia|o__Clostridiales|f__Lachnospiraceae|g__Sellimonas|s__Sellimonas_intestinalis	0.0040636069096545	0.541666666666667	s__Sellimonas_intestinalis
k__Bacteria|p__Firmicutes|c__Erysipelotrichia|o__Erysipelotrichales|f__Erysipelotrichaceae|g__Erysipelatoclostridium|s__Erysipelatoclostridium_ramosum	0.0036182518001829	0.758333333333333	s__Erysipelatoclostridium_ramosum
k__Bacteria|p__Bacteroidetes|c__Bacteroidia|o__Bacteroidales|f__Bacteroidaceae|g__Bacteroides|s__Bacteroides_faecis_CAG_32	0.0035925982136175	0.141666666666667	s__Bacteroides_faecis_CAG_32
k__Bacteria|p__Firmicutes|c__Clostridia|o__Clostridiales|f__Ruminococcaceae|g__Ruminococcus|s__Ruminococcus_bicirculans	0.00333007700781596	0.291666666666667	s__Ruminococcus_bicirculans
k__Bacteria|p__Firmicutes|c__Clostridia|o__Clostridiales|f__Lachnospiraceae|g__Roseburia|s__Roseburia_hominis	0.00329969004623998	0.391666666666667	s__Roseburia_hominis
k__Bacteria|p__Firmicutes|c__Clostridia|o__Clostridiales|f__Lachnospiraceae|g__Lachnoclostridium|s__Clostridium_symbiosum	0.00323421515473719	0.625	s__Clostridium_symbiosum
k__Bacteria|p__Bacteroidetes|c__Bacteroidia|o__Bacteroidales|f__Tannerellaceae|g__Parabacteroides|s__Parabacteroides_merdae	0.00313068064834483	0.225	s__Parabacteroides_merdae
k__Bacteria|p__Firmicutes|c__Clostridia|o__Clostridiales|f__Lachnospiraceae|g__Lachnoclostridium|s__Clostridium_clostridioforme	0.00300216206754757	0.558333333333333	s__Clostridium_clostridioforme
k__Bacteria|p__Actinobacteria|c__Actinobacteria|o__Bifidobacteriales|f__Bifidobacteriaceae|g__Bifidobacterium|s__Bifidobacterium_catenulatum	0.00273731539169575	0.075	s__Bifidobacterium_catenulatum
k__Bacteria|p__Firmicutes|c__Clostridia|o__Clostridiales|f__Eubacteriaceae|g__Eubacterium|s__Eubacterium_hallii	0.00267457073149644	0.45	s__Eubacterium_hallii
k__Bacteria|p__Firmicutes|c__Clostridia|o__Clostridiales|f__Clostridiaceae|g__Hungatella|s__Hungatella_hathewayi	0.00266347651869464	0.725	s__Hungatella_hathewayi
k__Bacteria|p__Bacteroidetes|c__Bacteroidia|o__Bacteroidales|f__Barnesiellaceae|g__Barnesiella|s__Barnesiella_intestinihominis	0.00228728351831493	0.141666666666667	s__Barnesiella_intestinihominis
k__Bacteria|p__Proteobacteria|c__Betaproteobacteria|o__Burkholderiales|f__Sutterellaceae|g__Parasutterella|s__Parasutterella_excrementihominis	0.00227740605549371	0.4	s__Parasutterella_excrementihominis
k__Bacteria|p__Firmicutes|c__Clostridia|o__Clostridiales|f__Eubacteriaceae|g__Eubacterium|s__Eubacterium_sp_CAG_180	0.00223275480936576	0.1	s__Eubacterium_sp_CAG_180
k__Bacteria|p__Firmicutes|c__Clostridia|o__Clostridiales|f__Ruminococcaceae|g__Ruminococcus|s__Ruminococcus_lactaris	0.00220092071342915	0.191666666666667	s__Ruminococcus_lactaris
k__Bacteria|p__Firmicutes|c__Clostridia|o__Clostridiales|f__Lachnospiraceae|g__Lachnoclostridium|s__Clostridium_bolteae	0.00219770103554843	0.583333333333333	s__Clostridium_bolteae
k__Bacteria|p__Actinobacteria|c__Coriobacteriia|o__Eggerthellales|f__Eggerthellaceae|g__Eggerthella|s__Eggerthella_lenta	0.00215758444567915	0.833333333333333	s__Eggerthella_lenta
k__Bacteria|p__Firmicutes|c__Clostridia|o__Clostridiales|f__Lachnospiraceae|g__Blautia|s__Blautia_sp_CAG_257	0.00214758344464319	0.283333333333333	s__Blautia_sp_CAG_257
k__Bacteria|p__Bacteroidetes|c__Bacteroidia|o__Bacteroidales|f__Bacteroidaceae|g__Bacteroides|s__Bacteroides_plebeius	0.00213770143397609	0.075	s__Bacteroides_plebeius
k__Bacteria|p__Firmicutes|c__Clostridia|o__Clostridiales|f__Clostridiales_unclassified|g__Intestinimonas|s__Intestinimonas_butyriciproducens	0.00206736406187775	0.425	s__Intestinimonas_butyriciproducens
k__Bacteria|p__Firmicutes|c__Clostridia|o__Clostridiales|f__Ruminococcaceae|g__Ruthenibacterium|s__Ruthenibacterium_lactatiformans	0.0020405549097944	0.641666666666667	s__Ruthenibacterium_lactatiformans
k__Bacteria|p__Firmicutes|c__Negativicutes|o__Veillonellales|f__Veillonellaceae|g__Megasphaera|s__Megasphaera_elsdenii	0.00201380618703096	0.05	s__Megasphaera_elsdenii
k__Bacteria|p__Firmicutes|c__Bacilli|o__Lactobacillales|f__Streptococcaceae|g__Streptococcus|s__Streptococcus_thermophilus	0.00194526436563606	0.425	s__Streptococcus_thermophilus
k__Bacteria|p__Bacteroidetes|c__Bacteroidia|o__Bacteroidales|f__Odoribacteraceae|g__Odoribacter|s__Odoribacter_splanchnicus	0.00167068212452365	0.108333333333333	s__Odoribacter_splanchnicus
k__Bacteria|p__Firmicutes|c__Clostridia|o__Clostridiales|f__Lachnospiraceae|g__Coprococcus|s__Coprococcus_eutactus	0.00154756392310913	0.0833333333333333	s__Coprococcus_eutactus
k__Bacteria|p__Firmicutes|c__Clostridia|o__Clostridiales|f__Lachnospiraceae|g__Dorea|s__Dorea_formicigenerans	0.00150215537346746	0.333333333333333	s__Dorea_formicigenerans
k__Bacteria|p__Proteobacteria|c__Proteobacteria_unclassified|o__Proteobacteria_unclassified|f__Proteobacteria_unclassified|g__Proteobacteria_unclassified|s__Proteobacteria_bacterium_CAG_139	0.00144700527180789	0.275	s__Proteobacteria_bacterium_CAG_139
k__Bacteria|p__Firmicutes|c__Clostridia|o__Clostridiales|f__Lachnospiraceae|g__Dorea|s__Dorea_longicatena	0.00132889653679641	0.15	s__Dorea_longicatena
k__Bacteria|p__Bacteroidetes|c__Bacteroidia|o__Bacteroidales|f__Bacteroidaceae|g__Bacteroides|s__Bacteroides_sp_CAG_443	0.00124263203979493	0.0416666666666667	s__Bacteroides_sp_CAG_443
k__Bacteria|p__Firmicutes|c__Negativicutes|o__Veillonellales|f__Veillonellaceae|g__Dialister|s__Dialister_invisus	0.00123046067661933	0.25	s__Dialister_invisus
k__Bacteria|p__Firmicutes|c__Bacilli|o__Lactobacillales|f__Streptococcaceae|g__Streptococcus|s__Streptococcus_salivarius	0.00117302446888353	0.708333333333333	s__Streptococcus_salivarius
k__Bacteria|p__Firmicutes|c__Clostridia|o__Clostridiales|f__Lachnospiraceae|g__Roseburia|s__Roseburia_sp_CAG_182	0.00114937935286429	0.116666666666667	s__Roseburia_sp_CAG_182
k__Bacteria|p__Firmicutes|c__Clostridia|o__Clostridiales|f__Eubacteriaceae|g__Eubacterium|s__Eubacterium_sp_CAG_274	0.00113250774459932	0.0916666666666667	s__Eubacterium_sp_CAG_274
k__Bacteria|p__Firmicutes|c__Firmicutes_unclassified|o__Firmicutes_unclassified|f__Firmicutes_unclassified|g__Firmicutes_unclassified|s__Firmicutes_bacterium_CAG_83	0.00111523182464216	0.141666666666667	s__Firmicutes_bacterium_CAG_83
k__Bacteria|p__Firmicutes|c__Erysipelotrichia|o__Erysipelotrichales|f__Erysipelotrichaceae|g__Erysipelatoclostridium|s__Clostridium_innocuum	0.00111009811993965	0.758333333333333	s__Clostridium_innocuum
k__Bacteria|p__Firmicutes|c__Clostridia|o__Clostridiales|f__Ruminococcaceae|g__Agathobaculum|s__Agathobaculum_butyriciproducens	0.00108270562394476	0.408333333333333	s__Agathobaculum_butyriciproducens
k__Bacteria|p__Firmicutes|c__Negativicutes|o__Acidaminococcales|f__Acidaminococcaceae|g__Phascolarctobacterium|s__Phascolarctobacterium_faecium	0.00102575252525972	0.183333333333333	s__Phascolarctobacterium_faecium
k__Bacteria|p__Firmicutes|c__Clostridia|o__Clostridiales|f__Lachnospiraceae|g__Eisenbergiella|s__Eisenbergiella_massiliensis	0.00102119521657504	0.25	s__Eisenbergiella_massiliensis
k__Bacteria|p__Firmicutes|c__Clostridia|o__Clostridiales|f__Eubacteriaceae|g__Eubacterium|s__Eubacterium_sp_CAG_251	0.00097810846965676	0.141666666666667	s__Eubacterium_sp_CAG_251
k__Bacteria|p__Bacteroidetes|c__Bacteroidia|o__Bacteroidales|f__Bacteroidaceae|g__Bacteroides|s__Bacteroides_clarus	0.000945195219651502	0.0333333333333333	s__Bacteroides_clarus
k__Bacteria|p__Firmicutes|c__Negativicutes|o__Veillonellales|f__Veillonellaceae|g__Veillonella|s__Veillonella_dispar	0.000905306013408964	0.558333333333333	s__Veillonella_dispar
k__Bacteria|p__Firmicutes|c__Clostridia|o__Clostridiales|f__Ruminococcaceae|g__Ruminococcaceae_unclassified|s__Eubacterium_siraeum	0.000891857388757746	0.133333333333333	s__Eubacterium_siraeum
k__Bacteria|p__Firmicutes|c__Negativicutes|o__Veillonellales|f__Veillonellaceae|g__Megasphaera|s__Megasphaera_micronuciformis	0.000844789044325976	0.233333333333333	s__Megasphaera_micronuciformis
k__Bacteria|p__Firmicutes|c__Negativicutes|o__Veillonellales|f__Veillonellaceae|g__Anaeroglobus|s__Anaeroglobus_geminatus	0.000769888727412902	0.05	s__Anaeroglobus_geminatus
k__Bacteria|p__Bacteroidetes|c__Bacteroidia|o__Bacteroidales|f__Bacteroidaceae|g__Bacteroides|s__Bacteroides_salyersiae	0.000706127579712209	0.0666666666666667	s__Bacteroides_salyersiae
k__Bacteria|p__Firmicutes|c__Clostridia|o__Clostridiales|f__Lachnospiraceae|g__Eisenbergiella|s__Eisenbergiella_tayi	0.000704290713384367	0.158333333333333	s__Eisenbergiella_tayi
k__Bacteria|p__Bacteroidetes|c__Bacteroidia|o__Bacteroidales|f__Bacteroidaceae|g__Bacteroides|s__Bacteroides_massiliensis	0.000701420778663277	0.0416666666666667	s__Bacteroides_massiliensis
k__Bacteria|p__Bacteroidetes|c__Bacteroidia|o__Bacteroidales|f__Prevotellaceae|g__Prevotella|s__Prevotella_sp_CAG_891	0.000699545256370519	0.025	s__Prevotella_sp_CAG_891
k__Bacteria|p__Bacteroidetes|c__Bacteroidia|o__Bacteroidales|f__Rikenellaceae|g__Alistipes|s__Alistipes_shahii	0.000692405667014535	0.15	s__Alistipes_shahii
k__Bacteria|p__Firmicutes|c__Clostridia|o__Clostridiales|f__Ruminococcaceae|g__Ruminococcaceae_unclassified|s__Clostridium_leptum	0.000668293408971075	0.233333333333333	s__Clostridium_leptum
k__Bacteria|p__Proteobacteria|c__Gammaproteobacteria|o__Enterobacterales|f__Enterobacteriaceae|g__Klebsiella|s__Klebsiella_oxytoca	0.000654966542030004	0.125	s__Klebsiella_oxytoca
k__Bacteria|p__Firmicutes|c__Clostridia|o__Clostridiales|f__Clostridiaceae|g__Clostridium|s__Clostridium_sp_CAG_58	0.00063836238043988	0.158333333333333	s__Clostridium_sp_CAG_58
k__Bacteria|p__Bacteroidetes|c__Bacteroidia|o__Bacteroidales|f__Bacteroidaceae|g__Bacteroides|s__Bacteroides_eggerthii	0.000628737096659997	0.0166666666666667	s__Bacteroides_eggerthii
k__Bacteria|p__Proteobacteria|c__Gammaproteobacteria|o__Pasteurellales|f__Pasteurellaceae|g__Haemophilus|s__Haemophilus_parainfluenzae	0.000624478683968424	0.641666666666667	s__Haemophilus_parainfluenzae
k__Bacteria|p__Firmicutes|c__Clostridia|o__Clostridiales|f__Lachnospiraceae|g__Lachnoclostridium|s__Clostridium_saccharolyticum	0.000577083399302367	0.141666666666667	s__Clostridium_saccharolyticum
k__Bacteria|p__Firmicutes|c__Clostridia|o__Clostridiales|f__Peptostreptococcaceae|g__Intestinibacter|s__Intestinibacter_bartlettii	0.000573235746555744	0.758333333333333	s__Intestinibacter_bartlettii
k__Bacteria|p__Firmicutes|c__Bacilli|o__Lactobacillales|f__Streptococcaceae|g__Lactococcus|s__Lactococcus_lactis	0.000534456809544158	0.241666666666667	s__Lactococcus_lactis
k__Bacteria|p__Firmicutes|c__Bacilli|o__Lactobacillales|f__Streptococcaceae|g__Streptococcus|s__Streptococcus_lutetiensis	0.000481935683500187	0.116666666666667	s__Streptococcus_lutetiensis
k__Bacteria|p__Firmicutes|c__Clostridia|o__Clostridiales|f__Ruminococcaceae|g__Anaerotruncus|s__Anaerotruncus_colihominis	0.000478692107747435	0.508333333333333	s__Anaerotruncus_colihominis
k__Bacteria|p__Firmicutes|c__Clostridia|o__Clostridiales|f__Lachnospiraceae|g__Blautia|s__Blautia_obeum	0.000469545727282807	0.191666666666667	s__Blautia_obeum
k__Bacteria|p__Firmicutes|c__Clostridia|o__Clostridiales|f__Ruminococcaceae|g__Gemmiger|s__Gemmiger_formicilis	0.00046806589446968	0.175	s__Gemmiger_formicilis
k__Bacteria|p__Bacteroidetes|c__Bacteroidia|o__Bacteroidales|f__Tannerellaceae|g__Parabacteroides|s__Parabacteroides_goldsteinii	0.000464310589560929	0.075	s__Parabacteroides_goldsteinii
k__Bacteria|p__Firmicutes|c__Firmicutes_unclassified|o__Firmicutes_unclassified|f__Firmicutes_unclassified|g__Firmicutes_unclassified|s__Firmicutes_bacterium_CAG_145	0.00042635788467919	0.116666666666667	s__Firmicutes_bacterium_CAG_145
k__Bacteria|p__Actinobacteria|c__Coriobacteriia|o__Eggerthellales|f__Eggerthellaceae|g__Gordonibacter|s__Gordonibacter_pamelaeae	0.000386694581528048	0.816666666666667	s__Gordonibacter_pamelaeae
k__Bacteria|p__Firmicutes|c__Negativicutes|o__Veillonellales|f__Veillonellaceae|g__Veillonella|s__Veillonella_infantium	0.000369575651098218	0.491666666666667	s__Veillonella_infantium
k__Bacteria|p__Firmicutes|c__Negativicutes|o__Acidaminococcales|f__Acidaminococcaceae|g__Phascolarctobacterium|s__Phascolarctobacterium_succinatutens	0.000360220594291043	0.0166666666666667	s__Phascolarctobacterium_succinatutens
k__Bacteria|p__Firmicutes|c__Erysipelotrichia|o__Erysipelotrichales|f__Erysipelotrichaceae|g__Holdemanella|s__Holdemanella_biformis	0.000354660430083738	0.0916666666666667	s__Holdemanella_biformis
k__Bacteria|p__Proteobacteria|c__Deltaproteobacteria|o__Desulfovibrionales|f__Desulfovibrionaceae|g__Bilophila|s__Bilophila_wadsworthia	0.000351175482337808	0.408333333333333	s__Bilophila_wadsworthia
k__Bacteria|p__Firmicutes|c__Bacilli|o__Lactobacillales|f__Lactobacillaceae|g__Lactobacillus|s__Lactobacillus_ruminis	0.000348402699669402	0.0416666666666667	s__Lactobacillus_ruminis
k__Bacteria|p__Firmicutes|c__Clostridia|o__Clostridiales|f__Lachnospiraceae|g__Coprococcus|s__Coprococcus_comes	0.000333805482276525	0.0583333333333333	s__Coprococcus_comes
k__Bacteria|p__Firmicutes|c__Clostridia|o__Clostridiales|f__Lachnospiraceae|g__Lachnoclostridium|s__Clostridium_lavalense	0.000319387072493824	0.266666666666667	s__Clostridium_lavalense
k__Bacteria|p__Actinobacteria|c__Actinobacteria|o__Bifidobacteriales|f__Bifidobacteriaceae|g__Bifidobacterium|s__Bifidobacterium_angulatum	0.000301848366370999	0.025	s__Bifidobacterium_angulatum
k__Bacteria|p__Proteobacteria|c__Gammaproteobacteria|o__Enterobacterales|f__Enterobacteriaceae|g__Enterobacter|s__Enterobacter_cloacae_complex	0.000301751669645708	0.0666666666666667	s__Enterobacter_cloacae_complex
k__Bacteria|p__Firmicutes|c__Erysipelotrichia|o__Erysipelotrichales|f__Erysipelotrichaceae|g__Erysipelatoclostridium|s__Clostridium_spiroforme	0.000293039442590765	0.266666666666667	s__Clostridium_spiroforme
k__Bacteria|p__Firmicutes|c__Clostridia|o__Clostridiales|f__Oscillospiraceae|g__Oscillibacter|s__Oscillibacter_sp_57_20	0.000280740158987202	0.0666666666666667	s__Oscillibacter_sp_57_20
k__Bacteria|p__Firmicutes|c__Clostridia|o__Clostridiales|f__Lachnospiraceae|g__Lachnoclostridium|s__Clostridium_citroniae	0.000273739904325199	0.441666666666667	s__Clostridium_citroniae
k__Bacteria|p__Actinobacteria|c__Actinobacteria|o__Bifidobacteriales|f__Bifidobacteriaceae|g__Bifidobacterium|s__Bifidobacterium_animalis	0.000269769976582589	0.208333333333333	s__Bifidobacterium_animalis
k__Bacteria|p__Firmicutes|c__Clostridia|o__Clostridiales|f__Lachnospiraceae|g__Coprococcus|s__Coprococcus_catus	0.000257664515232964	0.0916666666666667	s__Coprococcus_catus
k__Bacteria|p__Firmicutes|c__Firmicutes_unclassified|o__Firmicutes_unclassified|f__Firmicutes_unclassified|g__Firmicutes_unclassified|s__Firmicutes_bacterium_CAG_94	0.000254536429053074	0.166666666666667	s__Firmicutes_bacterium_CAG_94
k__Bacteria|p__Firmicutes|c__Erysipelotrichia|o__Erysipelotrichales|f__Erysipelotrichaceae|g__Holdemania|s__Holdemania_filiformis	0.000250475008288674	0.266666666666667	s__Holdemania_filiformis
k__Bacteria|p__Firmicutes|c__Clostridia|o__Clostridiales|f__Clostridiaceae|g__Clostridium|s__Clostridium_bolteae_CAG_59	0.000249088377608126	0.2	s__Clostridium_bolteae_CAG_59
k__Bacteria|p__Bacteroidetes|c__Bacteroidia|o__Bacteroidales|f__Prevotellaceae|g__Prevotella|s__Prevotella_sp_CAG_279	0.000245534142113252	0.00833333333333333	s__Prevotella_sp_CAG_279
k__Bacteria|p__Firmicutes|c__Clostridia|o__Clostridiales|f__Eubacteriaceae|g__Eubacterium|s__Eubacterium_ventriosum	0.000238205482159562	0.133333333333333	s__Eubacterium_ventriosum
k__Bacteria|p__Firmicutes|c__Bacilli|o__Lactobacillales|f__Lactobacillaceae|g__Lactobacillus|s__Lactobacillus_acidophilus	0.000232216767652	0.133333333333333	s__Lactobacillus_acidophilus
k__Bacteria|p__Bacteroidetes|c__Bacteroidia|o__Bacteroidales|f__Prevotellaceae|g__Paraprevotella|s__Paraprevotella_xylaniphila	0.000214080212186403	0.05	s__Paraprevotella_xylaniphila
k__Bacteria|p__Proteobacteria|c__Betaproteobacteria|o__Burkholderiales|f__Sutterellaceae|g__Turicimonas|s__Turicimonas_muris	0.000212906525416504	0.283333333333333	s__Turicimonas_muris
k__Bacteria|p__Actinobacteria|c__Coriobacteriia|o__Eggerthellales|f__Eggerthellaceae|g__Asaccharobacter|s__Asaccharobacter_celatus	0.000210632032703928	0.25	s__Asaccharobacter_celatus
k__Bacteria|p__Firmicutes|c__Clostridia|o__Clostridiales|f__Ruminococcaceae|g__Anaerotruncus|s__Anaerotruncus_sp_CAG_528	0.000210576400810185	0.0166666666666667	s__Anaerotruncus_sp_CAG_528
k__Bacteria|p__Firmicutes|c__Clostridia|o__Clostridiales|f__Lachnospiraceae|g__Dorea|s__Dorea_sp_CAG_317	0.000200142029742613	0.133333333333333	s__Dorea_sp_CAG_317
k__Bacteria|p__Firmicutes|c__Clostridia|o__Clostridiales|f__Clostridiaceae|g__Butyricicoccus|s__Butyricicoccus_pullicaecorum	0.000191848036632861	0.141666666666667	s__Butyricicoccus_pullicaecorum
k__Bacteria|p__Firmicutes|c__Bacilli|o__Lactobacillales|f__Enterococcaceae|g__Enterococcus|s__Enterococcus_avium	0.000183949544273697	0.108333333333333	s__Enterococcus_avium
k__Bacteria|p__Firmicutes|c__Clostridia|o__Clostridiales|f__Lachnospiraceae|g__Lachnoclostridium|s__Clostridium_aldenense	0.000182092693572692	0.425	s__Clostridium_aldenense
k__Bacteria|p__Firmicutes|c__Bacilli|o__Lactobacillales|f__Streptococcaceae|g__Streptococcus|s__Streptococcus_parasanguinis	0.000179021504672684	0.45	s__Streptococcus_parasanguinis
k__Bacteria|p__Firmicutes|c__Clostridia|o__Clostridiales|f__Ruminococcaceae|g__Pseudoflavonifractor|s__Pseudoflavonifractor_sp_An184	0.000172988599511492	0.133333333333333	s__Pseudoflavonifractor_sp_An184
k__Bacteria|p__Bacteroidetes|c__Bacteroidia|o__Bacteroidales|f__Odoribacteraceae|g__Butyricimonas|s__Butyricimonas_virosa	0.000172967836157611	0.0583333333333333	s__Butyricimonas_virosa
k__Bacteria|p__Firmicutes|c__Clostridia|o__Clostridiales|f__Lachnospiraceae|g__Tyzzerella|s__Tyzzerella_nexilis	0.000170821901606674	0.366666666666667	s__Tyzzerella_nexilis
k__Bacteria|p__Proteobacteria|c__Gammaproteobacteria|o__Enterobacterales|f__Enterobacteriaceae|g__Klebsiella|s__Klebsiella_pneumoniae	0.000170733342433542	0.0833333333333333	s__Klebsiella_pneumoniae
k__Bacteria|p__Bacteroidetes|c__Bacteroidia|o__Bacteroidales|f__Barnesiellaceae|g__Coprobacter|s__Coprobacter_fastidiosus	0.000167914409247291	0.0833333333333333	s__Coprobacter_fastidiosus
k__Bacteria|p__Firmicutes|c__Erysipelotrichia|o__Erysipelotrichales|f__Erysipelotrichaceae|g__Coprobacillus|s__Coprobacillus_cateniformis	0.000163927932371875	0.333333333333333	s__Coprobacillus_cateniformis
k__Bacteria|p__Proteobacteria|c__Gammaproteobacteria|o__Pasteurellales|f__Pasteurellaceae|g__Haemophilus|s__Haemophilus_sp_HMSC71H05	0.000158878977914051	0.291666666666667	s__Haemophilus_sp_HMSC71H05
k__Bacteria|p__Bacteroidetes|c__Bacteroidia|o__Bacteroidales|f__Rikenellaceae|g__Alistipes|s__Alistipes_indistinctus	0.000156075019706512	0.108333333333333	s__Alistipes_indistinctus
k__Bacteria|p__Firmicutes|c__Clostridia|o__Clostridiales|f__Clostridiaceae|g__Clostridium|s__Clostridium_sp_CAG_299	0.000151554117055203	0.05	s__Clostridium_sp_CAG_299
k__Bacteria|p__Firmicutes|c__Clostridia|o__Clostridiales|f__Clostridiales_unclassified|g__Lawsonibacter|s__Lawsonibacter_asaccharolyticus	0.000145692135613367	0.241666666666667	s__Lawsonibacter_asaccharolyticus
k__Bacteria|p__Fusobacteria|c__Fusobacteriia|o__Fusobacteriales|f__Fusobacteriaceae|g__Fusobacterium|s__Fusobacterium_sp_CAG_439	0.000142429019527747	0.025	s__Fusobacterium_sp_CAG_439
k__Bacteria|p__Firmicutes|c__Clostridia|o__Clostridiales|f__Lachnospiraceae|g__Lachnoclostridium|s__Clostridium_asparagiforme	0.000139724548745	0.225	s__Clostridium_asparagiforme
k__Bacteria|p__Firmicutes|c__Clostridia|o__Clostridiales|f__Eubacteriaceae|g__Eubacterium|s__Eubacterium_ramulus	0.000134721768311179	0.108333333333333	s__Eubacterium_ramulus
k__Bacteria|p__Firmicutes|c__Erysipelotrichia|o__Erysipelotrichales|f__Erysipelotrichaceae|g__Faecalitalea|s__Faecalitalea_cylindroides	0.000130386518343028	0.0416666666666667	s__Faecalitalea_cylindroides
k__Bacteria|p__Firmicutes|c__Clostridia|o__Clostridiales|f__Lachnospiraceae|g__Roseburia|s__Roseburia_sp_CAG_303	0.000129665836265758	0.0166666666666667	s__Roseburia_sp_CAG_303
k__Bacteria|p__Firmicutes|c__Bacilli|o__Lactobacillales|f__Lactobacillaceae|g__Lactobacillus|s__Lactobacillus_rhamnosus	0.000129330778758487	0.15	s__Lactobacillus_rhamnosus
k__Bacteria|p__Firmicutes|c__Clostridia|o__Clostridiales|f__Clostridiaceae|g__Clostridium|s__Clostridium_sp_CAG_242	0.00012439283745109	0.05	s__Clostridium_sp_CAG_242
k__Bacteria|p__Firmicutes|c__Bacilli|o__Lactobacillales|f__Enterococcaceae|g__Enterococcus|s__Enterococcus_faecalis	0.000122140778288634	0.116666666666667	s__Enterococcus_faecalis
k__Bacteria|p__Actinobacteria|c__Coriobacteriia|o__Coriobacteriales|f__Atopobiaceae|g__Atopobium|s__Atopobium_minutum	0.000116494395448602	0.00833333333333333	s__Atopobium_minutum
k__Bacteria|p__Bacteroidetes|c__Bacteroidia|o__Bacteroidales|f__Rikenellaceae|g__Alistipes|s__Alistipes_inops	0.000112327450232518	0.0166666666666667	s__Alistipes_inops
k__Bacteria|p__Firmicutes|c__Firmicutes_unclassified|o__Firmicutes_unclassified|f__Firmicutes_unclassified|g__Firmicutes_unclassified|s__Firmicutes_bacterium_CAG_424	0.000108142654869974	0.0333333333333333	s__Firmicutes_bacterium_CAG_424
k__Bacteria|p__Actinobacteria|c__Coriobacteriia|o__Eggerthellales|f__Eggerthellaceae|g__Slackia|s__Slackia_isoflavoniconvertens	0.000104153972626305	0.0666666666666667	s__Slackia_isoflavoniconvertens
k__Bacteria|p__Firmicutes|c__Clostridia|o__Clostridiales|f__Clostridiaceae|g__Clostridium|s__Clostridium_ventriculi	9.87005935769262e-05	0.00833333333333333	s__Clostridium_ventriculi
k__Bacteria|p__Firmicutes|c__Bacilli|o__Lactobacillales|f__Lactobacillaceae|g__Lactobacillus|s__Lactobacillus_paragasseri	9.49323753024882e-05	0.025	s__Lactobacillus_paragasseri
k__Bacteria|p__Actinobacteria|c__Actinobacteria|o__Bifidobacteriales|f__Bifidobacteriaceae|g__Bifidobacterium|s__Bifidobacterium_dentium	9.09137247196547e-05	0.175	s__Bifidobacterium_dentium
k__Bacteria|p__Firmicutes|c__Clostridia|o__Clostridiales|f__Lachnospiraceae|g__Anaerotignum|s__Anaerotignum_lactatifermentans	8.94314571224711e-05	0.0166666666666667	s__Anaerotignum_lactatifermentans
k__Bacteria|p__Actinobacteria|c__Coriobacteriia|o__Eggerthellales|f__Eggerthellaceae|g__Adlercreutzia|s__Adlercreutzia_equolifaciens	8.59618866267168e-05	0.241666666666667	s__Adlercreutzia_equolifaciens
k__Bacteria|p__Firmicutes|c__Negativicutes|o__Veillonellales|f__Veillonellaceae|g__Veillonella|s__Veillonella_sp_T11011_6	7.94583659663735e-05	0.25	s__Veillonella_sp_T11011_6
k__Bacteria|p__Firmicutes|c__Clostridia|o__Clostridiales|f__Ruminococcaceae|g__Anaeromassilibacillus|s__Anaeromassilibacillus_sp_An250	7.4236753764933e-05	0.241666666666667	s__Anaeromassilibacillus_sp_An250
k__Bacteria|p__Firmicutes|c__Bacilli|o__Lactobacillales|f__Enterococcaceae|g__Enterococcus|s__Enterococcus_gallinarum	6.68294887398637e-05	0.1	s__Enterococcus_gallinarum
k__Bacteria|p__Firmicutes|c__Clostridia|o__Clostridiales|f__Peptostreptococcaceae|g__Clostridioides|s__Clostridioides_difficile	6.54298041305613e-05	0.125	s__Clostridioides_difficile
k__Bacteria|p__Firmicutes|c__Clostridia|o__Clostridiales|f__Clostridiaceae|g__Clostridium|s__Clostridium_paraputrificum	5.68647607787269e-05	0.125	s__Clostridium_paraputrificum
k__Bacteria|p__Firmicutes|c__Clostridia|o__Clostridiales|f__Ruminococcaceae|g__Ruminococcus|s__Ruminococcus_callidus	5.66538504688703e-05	0.0916666666666667	s__Ruminococcus_callidus
k__Bacteria|p__Proteobacteria|c__Gammaproteobacteria|o__Enterobacterales|f__Enterobacteriaceae|g__Raoultella|s__Raoultella_planticola	5.61789572991394e-05	0.025	s__Raoultella_planticola
k__Bacteria|p__Firmicutes|c__Negativicutes|o__Veillonellales|f__Veillonellaceae|g__Veillonella|s__Veillonella_rogosae	5.05734151270776e-05	0.108333333333333	s__Veillonella_rogosae
k__Bacteria|p__Firmicutes|c__Clostridia|o__Clostridiales|f__Clostridiales_unclassified|g__Monoglobus|s__Monoglobus_pectinilyticus	4.94308286760843e-05	0.0333333333333333	s__Monoglobus_pectinilyticus
k__Bacteria|p__Firmicutes|c__Bacilli|o__Lactobacillales|f__Streptococcaceae|g__Streptococcus|s__Streptococcus_mitis	4.90509493980958e-05	0.283333333333333	s__Streptococcus_mitis
k__Bacteria|p__Firmicutes|c__Firmicutes_unclassified|o__Firmicutes_unclassified|f__Firmicutes_unclassified|g__Firmicutes_unclassified|s__Firmicutes_bacterium_CAG_646	4.85606276176546e-05	0.0333333333333333	s__Firmicutes_bacterium_CAG_646
k__Bacteria|p__Proteobacteria|c__Gammaproteobacteria|o__Enterobacterales|f__Enterobacteriaceae|g__Klebsiella|s__Klebsiella_quasipneumoniae	4.77936162764121e-05	0.0333333333333333	s__Klebsiella_quasipneumoniae
k__Bacteria|p__Proteobacteria|c__Gammaproteobacteria|o__Enterobacterales|f__Enterobacteriaceae|g__Klebsiella|s__Klebsiella_variicola	4.6771733467257e-05	0.05	s__Klebsiella_variicola
k__Bacteria|p__Firmicutes|c__Clostridia|o__Clostridiales|f__Lachnospiraceae|g__Roseburia|s__Roseburia_sp_CAG_309	4.47777451297899e-05	0.025	s__Roseburia_sp_CAG_309
k__Bacteria|p__Proteobacteria|c__Gammaproteobacteria|o__Enterobacterales|f__Enterobacteriaceae|g__Citrobacter|s__Citrobacter_freundii	4.38674978294174e-05	0.05	s__Citrobacter_freundii
k__Bacteria|p__Firmicutes|c__Bacilli|o__Lactobacillales|f__Lactobacillaceae|g__Lactobacillus|s__Lactobacillus_rogosae	4.24741908335933e-05	0.0666666666666667	s__Lactobacillus_rogosae
k__Bacteria|p__Firmicutes|c__Clostridia|o__Clostridiales|f__Lachnospiraceae|g__Roseburia|s__Roseburia_sp_CAG_471	3.9903028281619e-05	0.0666666666666667	s__Roseburia_sp_CAG_471
k__Bacteria|p__Bacteroidetes|c__Bacteroidia|o__Bacteroidales|f__Bacteroidaceae|g__Bacteroides|s__Bacteroides_galacturonicus	3.90770158587647e-05	0.0583333333333333	s__Bacteroides_galacturonicus
k__Bacteria|p__Firmicutes|c__Clostridia|o__Clostridiales|f__Lachnospiraceae|g__Blautia|s__Blautia_producta	3.69306167405365e-05	0.108333333333333	s__Blautia_producta
k__Bacteria|p__Firmicutes|c__Clostridia|o__Clostridiales|f__Lachnospiraceae|g__Blautia|s__Blautia_hansenii	3.55758371865017e-05	0.0416666666666667	s__Blautia_hansenii
k__Bacteria|p__Firmicutes|c__Negativicutes|o__Veillonellales|f__Veillonellaceae|g__Veillonella|s__Veillonella_tobetsuensis	3.51227019126899e-05	0.0583333333333333	s__Veillonella_tobetsuensis
k__Bacteria|p__Bacteroidetes|c__Bacteroidia|o__Bacteroidales|f__Odoribacteraceae|g__Butyricimonas|s__Butyricimonas_synergistica	3.46194040626029e-05	0.0416666666666667	s__Butyricimonas_synergistica
k__Bacteria|p__Firmicutes|c__Bacilli|o__Lactobacillales|f__Enterococcaceae|g__Enterococcus|s__Enterococcus_faecium	3.38691975572335e-05	0.0833333333333333	s__Enterococcus_faecium
k__Bacteria|p__Firmicutes|c__Clostridia|o__Clostridiales|f__Clostridiaceae|g__Clostridium|s__Clostridium_sp_D5	3.38002850652605e-05	0.108333333333333	s__Clostridium_sp_D5
k__Bacteria|p__Proteobacteria|c__Deltaproteobacteria|o__Desulfovibrionales|f__Desulfovibrionaceae|g__Desulfovibrio|s__Desulfovibrio_piger	3.3411456161215e-05	0.0166666666666667	s__Desulfovibrio_piger
k__Bacteria|p__Firmicutes|c__Clostridia|o__Clostridiales|f__Lachnospiraceae|g__Anaerostipes|s__Anaerostipes_caccae	3.22031573700147e-05	0.0583333333333333	s__Anaerostipes_caccae
k__Bacteria|p__Firmicutes|c__Bacilli|o__Lactobacillales|f__Enterococcaceae|g__Enterococcus|s__Enterococcus_casseliflavus	3.19100014431672e-05	0.0333333333333333	s__Enterococcus_casseliflavus
k__Bacteria|p__Proteobacteria|c__Epsilonproteobacteria|o__Campylobacterales|f__Campylobacteraceae|g__Campylobacter|s__Campylobacter_gracilis	3.0568069963003e-05	0.025	s__Campylobacter_gracilis
k__Bacteria|p__Actinobacteria|c__Coriobacteriia|o__Coriobacteriales|f__Coriobacteriaceae|g__Collinsella|s__Collinsella_intestinalis	3.053491840184e-05	0.316666666666667	s__Collinsella_intestinalis
k__Bacteria|p__Firmicutes|c__Bacilli|o__Lactobacillales|f__Lactobacillaceae|g__Lactobacillus|s__Lactobacillus_mucosae	2.75425027542503e-05	0.00833333333333333	s__Lactobacillus_mucosae
k__Bacteria|p__Firmicutes|c__Erysipelotrichia|o__Erysipelotrichales|f__Erysipelotrichaceae|g__Dielma|s__Dielma_fastidiosa	2.61968133921536e-05	0.05	s__Dielma_fastidiosa
k__Bacteria|p__Lentisphaerae|c__Lentisphaeria|o__Victivallales|f__Victivallaceae|g__Victivallis|s__Victivallis_vadensis	2.43297707679409e-05	0.025	s__Victivallis_vadensis
k__Bacteria|p__Proteobacteria|c__Gammaproteobacteria|o__Enterobacterales|f__Enterobacteriaceae|g__Klebsiella|s__Klebsiella_michiganensis	2.20195084129368e-05	0.0583333333333333	s__Klebsiella_michiganensis
k__Bacteria|p__Firmicutes|c__Bacilli|o__Lactobacillales|f__Lactobacillaceae|g__Lactobacillus|s__Lactobacillus_saerimneri	2.04435084231778e-05	0.0166666666666667	s__Lactobacillus_saerimneri
k__Bacteria|p__Firmicutes|c__Erysipelotrichia|o__Erysipelotrichales|f__Erysipelotrichaceae|g__Massiliomicrobiota|s__Massiliomicrobiota_timonensis	2.01352402864681e-05	0.05	s__Massiliomicrobiota_timonensis
k__Bacteria|p__Proteobacteria|c__Epsilonproteobacteria|o__Campylobacterales|f__Campylobacteraceae|g__Campylobacter|s__Campylobacter_concisus	2.00470716428241e-05	0.05	s__Campylobacter_concisus
k__Bacteria|p__Firmicutes|c__Clostridia|o__Clostridiales|f__Lachnospiraceae|g__Lachnoclostridium|s__Clostridium_scindens	1.91499602327601e-05	0.1	s__Clostridium_scindens
k__Bacteria|p__Firmicutes|c__Bacilli|o__Lactobacillales|f__Enterococcaceae|g__Enterococcus|s__Enterococcus_durans	1.90487800780212e-05	0.00833333333333333	s__Enterococcus_durans
k__Bacteria|p__Proteobacteria|c__Deltaproteobacteria|o__Desulfovibrionales|f__Desulfovibrionaceae|g__Desulfovibrio|s__Desulfovibrio_fairfieldensis	1.89311163537136e-05	0.025	s__Desulfovibrio_fairfieldensis
k__Bacteria|p__Firmicutes|c__Bacilli|o__Lactobacillales|f__Lactobacillaceae|g__Pediococcus|s__Pediococcus_acidilactici	1.85512581571451e-05	0.00833333333333333	s__Pediococcus_acidilactici
k__Bacteria|p__Firmicutes|c__Erysipelotrichia|o__Erysipelotrichales|f__Erysipelotrichaceae|g__Turicibacter|s__Turicibacter_sanguinis	1.76275674416252e-05	0.0666666666666667	s__Turicibacter_sanguinis
k__Bacteria|p__Firmicutes|c__Firmicutes_unclassified|o__Firmicutes_unclassified|f__Firmicutes_unclassified|g__Firmicutes_unclassified|s__Firmicutes_bacterium_CAG_110	1.59751685374862e-05	0.00833333333333333	s__Firmicutes_bacterium_CAG_110
k__Bacteria|p__Firmicutes|c__Negativicutes|o__Selenomonadales|f__Selenomonadaceae|g__Megamonas|s__Megamonas_funiformis	1.47779324008121e-05	0.0166666666666667	s__Megamonas_funiformis
k__Bacteria|p__Bacteroidetes|c__Bacteroidia|o__Bacteroidales|f__Prevotellaceae|g__Prevotella|s__Prevotella_buccae	1.46900014690001e-05	0.00833333333333333	s__Prevotella_buccae
k__Bacteria|p__Firmicutes|c__Clostridia|o__Clostridiales|f__Eubacteriaceae|g__Eubacterium|s__Eubacterium_sp_OM08_24	1.46548489101395e-05	0.025	s__Eubacterium_sp_OM08_24
k__Bacteria|p__Proteobacteria|c__Gammaproteobacteria|o__Enterobacterales|f__Morganellaceae|g__Morganella|s__Morganella_morganii	1.46401373077702e-05	0.00833333333333333	s__Morganella_morganii
k__Bacteria|p__Actinobacteria|c__Actinobacteria|o__Actinomycetales|f__Actinomycetaceae|g__Actinomyces|s__Actinomyces_turicensis	1.35225321630177e-05	0.0416666666666667	s__Actinomyces_turicensis
k__Bacteria|p__Proteobacteria|c__Gammaproteobacteria|o__Enterobacterales|f__Enterobacteriaceae|g__Citrobacter|s__Citrobacter_braakii	1.26182411908166e-05	0.05	s__Citrobacter_braakii
k__Bacteria|p__Proteobacteria|c__Gammaproteobacteria|o__Enterobacterales|f__Morganellaceae|g__Proteus|s__Proteus_mirabilis	1.2438335540334e-05	0.025	s__Proteus_mirabilis
k__Bacteria|p__Actinobacteria|c__Actinobacteria|o__Micrococcales|f__Micrococcaceae|g__Rothia|s__Rothia_dentocariosa	1.22250061125031e-05	0.00833333333333333	s__Rothia_dentocariosa
k__Bacteria|p__Firmicutes|c__Clostridia|o__Clostridiales|f__Lachnospiraceae|g__Blautia|s__Blautia_coccoides	1.15861472808146e-05	0.0666666666666667	s__Blautia_coccoides
k__Bacteria|p__Firmicutes|c__Bacilli|o__Lactobacillales|f__Streptococcaceae|g__Streptococcus|s__Streptococcus_sp_A12	1.14309605552439e-05	0.125	s__Streptococcus_sp_A12
k__Bacteria|p__Bacteroidetes|c__Bacteroidia|o__Bacteroidales|f__Bacteroidaceae|g__Bacteroides|s__Bacteroides_xylanolyticus	1.11483344481668e-05	0.00833333333333333	s__Bacteroides_xylanolyticus
k__Bacteria|p__Firmicutes|c__Bacilli|o__Bacillales|f__Bacillales_unclassified|g__Gemella|s__Gemella_sanguinis	1.04149533950875e-05	0.108333333333333	s__Gemella_sanguinis
k__Bacteria|p__Firmicutes|c__Bacilli|o__Lactobacillales|f__Streptococcaceae|g__Streptococcus|s__Streptococcus_pasteurianus	1.03044361260797e-05	0.0166666666666667	s__Streptococcus_pasteurianus
k__Bacteria|p__Firmicutes|c__Clostridia|o__Clostridiales|f__Clostridiaceae|g__Clostridium|s__Clostridium_perfringens	9.93410786516745e-06	0.0333333333333333	s__Clostridium_perfringens
k__Bacteria|p__Firmicutes|c__Negativicutes|o__Selenomonadales|f__Selenomonadaceae|g__Megamonas|s__Megamonas_funiformis_CAG_377	9.85486782953385e-06	0.0166666666666667	s__Megamonas_funiformis_CAG_377
k__Bacteria|p__Firmicutes|c__Negativicutes|o__Acidaminococcales|f__Acidaminococcaceae|g__Acidaminococcus|s__Acidaminococcus_intestini	9.75199459272625e-06	0.00833333333333333	s__Acidaminococcus_intestini
k__Bacteria|p__Proteobacteria|c__Gammaproteobacteria|o__Enterobacterales|f__Enterobacteriaceae|g__Citrobacter|s__Citrobacter_pasteurii	9.10916848850037e-06	0.00833333333333333	s__Citrobacter_pasteurii
k__Bacteria|p__Firmicutes|c__Bacilli|o__Lactobacillales|f__Lactobacillaceae|g__Lactobacillus|s__Lactobacillus_fermentum	8.78995081245304e-06	0.025	s__Lactobacillus_fermentum
k__Bacteria|p__Firmicutes|c__Negativicutes|o__Veillonellales|f__Veillonellaceae|g__Dialister|s__Dialister_pneumosintes	8.58499742450077e-06	0.00833333333333333	s__Dialister_pneumosintes
k__Bacteria|p__Proteobacteria|c__Gammaproteobacteria|o__Pasteurellales|f__Pasteurellaceae|g__Haemophilus|s__Haemophilus_sputorum	8.54609030284771e-06	0.0833333333333333	s__Haemophilus_sputorum
k__Bacteria|p__Bacteroidetes|c__Bacteroidia|o__Bacteroidales|f__Prevotellaceae|g__Prevotella|s__Prevotella_bivia	8.46254780783255e-06	0.0333333333333333	s__Prevotella_bivia
k__Bacteria|p__Proteobacteria|c__Gammaproteobacteria|o__Pasteurellales|f__Pasteurellaceae|g__Haemophilus|s__Haemophilus_paraphrohaemolyticus	8.41666811983394e-06	0.0333333333333333	s__Haemophilus_paraphrohaemolyticus
k__Bacteria|p__Firmicutes|c__Bacilli|o__Lactobacillales|f__Lactobacillaceae|g__Lactobacillus|s__Lactobacillus_oris	8.21471130202599e-06	0.00833333333333333	s__Lactobacillus_oris
k__Bacteria|p__Proteobacteria|c__Gammaproteobacteria|o__Enterobacterales|f__Enterobacteriaceae|g__Citrobacter|s__Citrobacter_koseri	7.99397089064388e-06	0.00833333333333333	s__Citrobacter_koseri
k__Bacteria|p__Proteobacteria|c__Deltaproteobacteria|o__Desulfovibrionales|f__Desulfovibrionaceae|g__Desulfovibrionaceae_unclassified|s__Desulfovibrionaceae_bacterium	7.95076037812455e-06	0.025	s__Desulfovibrionaceae_bacterium
k__Bacteria|p__Actinobacteria|c__Actinobacteria|o__Actinomycetales|f__Actinomycetaceae|g__Actinomyces|s__Actinomyces_sp_ICM47	7.89405706820559e-06	0.125	s__Actinomyces_sp_ICM47
k__Bacteria|p__Bacteroidetes|c__Bacteroidia|o__Bacteroidales|f__Prevotellaceae|g__Prevotella|s__Prevotella_buccalis	7.51019075887121e-06	0.0166666666666667	s__Prevotella_buccalis
k__Bacteria|p__Firmicutes|c__Bacilli|o__Lactobacillales|f__Streptococcaceae|g__Streptococcus|s__Streptococcus_oralis	7.18471227117743e-06	0.0333333333333333	s__Streptococcus_oralis
k__Bacteria|p__Actinobacteria|c__Actinobacteria|o__Bifidobacteriales|f__Bifidobacteriaceae|g__Aeriscardovia|s__Aeriscardovia_aeriphila	6.92794022170071e-06	0.125	s__Aeriscardovia_aeriphila
k__Bacteria|p__Firmicutes|c__Clostridia|o__Clostridiales|f__Eubacteriaceae|g__Eubacterium|s__Eubacterium_limosum	6.90561265758306e-06	0.05	s__Eubacterium_limosum
k__Bacteria|p__Actinobacteria|c__Actinobacteria|o__Actinomycetales|f__Actinomycetaceae|g__Actinomyces|s__Actinomyces_oris	6.8249580394098e-06	0.0333333333333333	s__Actinomyces_oris
k__Bacteria|p__Firmicutes|c__Bacilli|o__Lactobacillales|f__Enterococcaceae|g__Enterococcus|s__Enterococcus_malodoratus	6.77083265625007e-06	0.00833333333333333	s__Enterococcus_malodoratus
k__Bacteria|p__Firmicutes|c__Clostridia|o__Clostridiales|f__Clostridiaceae|g__Clostridium|s__Clostridium_butyricum	6.69250092825032e-06	0.0333333333333333	s__Clostridium_butyricum
k__Bacteria|p__Bacteroidetes|c__Bacteroidia|o__Bacteroidales|f__Bacteroidaceae|g__Bacteroides|s__Bacteroides_nordii	6.57736781407565e-06	0.00833333333333333	s__Bacteroides_nordii
k__Bacteria|p__Bacteroidetes|c__Bacteroidia|o__Bacteroidales|f__Prevotellaceae|g__Paraprevotella|s__Paraprevotella_clara	6.49259098223804e-06	0.025	s__Paraprevotella_clara
k__Bacteria|p__Firmicutes|c__Bacilli|o__Lactobacillales|f__Lactobacillaceae|g__Lactobacillus|s__Lactobacillus_agilis	6.45014770838252e-06	0.00833333333333333	s__Lactobacillus_agilis
k__Bacteria|p__Firmicutes|c__Bacilli|o__Bacillales|f__Bacillales_unclassified|g__Gemella|s__Gemella_haemolysans	6.37573278852795e-06	0.0833333333333333	s__Gemella_haemolysans
k__Bacteria|p__Proteobacteria|c__Gammaproteobacteria|o__Enterobacterales|f__Enterobacteriaceae|g__Citrobacter|s__Citrobacter_youngae	6.18666662041667e-06	0.025	s__Citrobacter_youngae
k__Bacteria|p__Firmicutes|c__Clostridia|o__Clostridiales|f__Lachnospiraceae|g__Blautia|s__Blautia_hydrogenotrophica	6.08112561635159e-06	0.00833333333333333	s__Blautia_hydrogenotrophica
k__Bacteria|p__Actinobacteria|c__Actinobacteria|o__Actinomycetales|f__Actinomycetaceae|g__Varibaculum|s__Varibaculum_cambriense	5.69764177002819e-06	0.05	s__Varibaculum_cambriense
k__Bacteria|p__Firmicutes|c__Negativicutes|o__Selenomonadales|f__Selenomonadaceae|g__Megamonas|s__Megamonas_hypermegale	5.52667834236632e-06	0.0166666666666667	s__Megamonas_hypermegale
k__Bacteria|p__Actinobacteria|c__Actinobacteria|o__Actinomycetales|f__Actinomycetaceae|g__Actinomyces|s__Actinomyces_odontolyticus	5.27150126774839e-06	0.1	s__Actinomyces_odontolyticus
k__Bacteria|p__Actinobacteria|c__Actinobacteria|o__Actinomycetales|f__Actinomycetaceae|g__Actinomyces|s__Actinomyces_naeslundii	5.15903753720404e-06	0.05	s__Actinomyces_naeslundii
k__Bacteria|p__Firmicutes|c__Bacilli|o__Lactobacillales|f__Leuconostocaceae|g__Leuconostoc|s__Leuconostoc_pseudomesenteroides	4.91940671922714e-06	0.0166666666666667	s__Leuconostoc_pseudomesenteroides
k__Bacteria|p__Firmicutes|c__Bacilli|o__Lactobacillales|f__Streptococcaceae|g__Streptococcus|s__Streptococcus_sanguinis	4.75691097622626e-06	0.0416666666666667	s__Streptococcus_sanguinis
k__Bacteria|p__Proteobacteria|c__Gammaproteobacteria|o__Pasteurellales|f__Pasteurellaceae|g__Haemophilus|s__Haemophilus_pittmaniae	4.63583194258375e-06	0.00833333333333333	s__Haemophilus_pittmaniae
k__Bacteria|p__Actinobacteria|c__Actinobacteria|o__Actinomycetales|f__Actinomycetaceae|g__Actinomyces|s__Actinomyces_sp_HMSC035G02	4.61583488975071e-06	0.0166666666666667	s__Actinomyces_sp_HMSC035G02
k__Bacteria|p__Firmicutes|c__Negativicutes|o__Selenomonadales|f__Selenomonadaceae|g__Selenomonas|s__Selenomonas_artemidis	4.47598600584189e-06	0.0333333333333333	s__Selenomonas_artemidis
k__Bacteria|p__Firmicutes|c__Clostridia|o__Clostridiales|f__Christensenellaceae|g__Christensenella|s__Christensenella_minuta	4.42905133823524e-06	0.0333333333333333	s__Christensenella_minuta
k__Bacteria|p__Firmicutes|c__Bacilli|o__Lactobacillales|f__Streptococcaceae|g__Streptococcus|s__Streptococcus_vestibularis	4.3814310074661e-06	0.025	s__Streptococcus_vestibularis
k__Bacteria|p__Firmicutes|c__Negativicutes|o__Veillonellales|f__Veillonellaceae|g__Allisonella|s__Allisonella_histaminiformans	4.30998337900505e-06	0.0416666666666667	s__Allisonella_histaminiformans
k__Bacteria|p__Bacteroidetes|c__Bacteroidia|o__Bacteroidales|f__Prevotellaceae|g__Prevotella|s__Prevotella_disiens	3.95588239598169e-06	0.0166666666666667	s__Prevotella_disiens
k__Bacteria|p__Actinobacteria|c__Actinobacteria|o__Propionibacteriales|f__Propionibacteriaceae|g__Propionibacterium|s__Propionibacterium_freudenreichii	3.8758820438918e-06	0.0166666666666667	s__Propionibacterium_freudenreichii
k__Bacteria|p__Bacteroidetes|c__Bacteroidia|o__Bacteroidales|f__Prevotellaceae|g__Prevotella|s__Prevotella_corporis	3.7184120710499e-06	0.025	s__Prevotella_corporis
k__Bacteria|p__Actinobacteria|c__Coriobacteriia|o__Eggerthellales|f__Eggerthellaceae|g__Enterorhabdus|s__Enterorhabdus_caecimuris	3.66728179369771e-06	0.0916666666666667	s__Enterorhabdus_caecimuris
k__Bacteria|p__Firmicutes|c__Bacilli|o__Bacillales|f__Staphylococcaceae|g__Staphylococcus|s__Staphylococcus_epidermidis	3.63829387572368e-06	0.00833333333333333	s__Staphylococcus_epidermidis
k__Bacteria|p__Actinobacteria|c__Actinobacteria|o__Bifidobacteriales|f__Bifidobacteriaceae|g__Bifidobacterium|s__Bifidobacterium_pseudolongum	3.57916702458337e-06	0.00833333333333333	s__Bifidobacterium_pseudolongum
k__Bacteria|p__Firmicutes|c__Clostridia|o__Clostridiales|f__Clostridiaceae|g__Clostridium|s__Clostridium_disporicum	3.4033395053534e-06	0.0166666666666667	s__Clostridium_disporicum
k__Bacteria|p__Firmicutes|c__Clostridia|o__Clostridiales|f__Lachnospiraceae|g__Lachnoclostridium|s__Lachnoclostridium_sp_An181	3.2375e-06	0.00833333333333333	s__Lachnoclostridium_sp_An181
k__Bacteria|p__Firmicutes|c__Tissierellia|o__Tissierellales|f__Peptoniphilaceae|g__Parvimonas|s__Parvimonas_sp_KA00067	3.22596526538279e-06	0.00833333333333333	s__Parvimonas_sp_KA00067
k__Bacteria|p__Bacteroidetes|c__Bacteroidia|o__Bacteroidales|f__Porphyromonadaceae|g__Sanguibacteroides|s__Sanguibacteroides_justesenii	3.00115678798555e-06	0.0166666666666667	s__Sanguibacteroides_justesenii
k__Bacteria|p__Proteobacteria|c__Gammaproteobacteria|o__Enterobacterales|f__Enterobacteriaceae|g__Citrobacter|s__Citrobacter_farmeri	2.94068499753347e-06	0.0166666666666667	s__Citrobacter_farmeri
k__Bacteria|p__Firmicutes|c__Clostridia|o__Clostridiales|f__Catabacteriaceae|g__Catabacter|s__Catabacter_hongkongensis	2.92833283933348e-06	0.0166666666666667	s__Catabacter_hongkongensis
k__Bacteria|p__Firmicutes|c__Clostridia|o__Clostridiales|f__Lachnospiraceae|g__Lachnospiraceae_unclassified|s__Lachnospiraceae_bacterium_oral_taxon_096	2.84000056800011e-06	0.00833333333333333	s__Lachnospiraceae_bacterium_oral_taxon_096
k__Bacteria|p__Actinobacteria|c__Actinobacteria|o__Actinomycetales|f__Actinomycetaceae|g__Actinomyces|s__Actinomyces_urogenitalis	2.73254070001245e-06	0.0416666666666667	s__Actinomyces_urogenitalis
k__Bacteria|p__Proteobacteria|c__Gammaproteobacteria|o__Pseudomonadales|f__Moraxellaceae|g__Acinetobacter|s__Acinetobacter_pittii	2.61833359516669e-06	0.00833333333333333	s__Acinetobacter_pittii
k__Bacteria|p__Firmicutes|c__Clostridia|o__Clostridiales|f__Ruminococcaceae|g__Ruminococcaceae_unclassified|s__Ruminococcaceae_bacterium_D16	2.55999322237236e-06	0.0416666666666667	s__Ruminococcaceae_bacterium_D16
k__Bacteria|p__Proteobacteria|c__Epsilonproteobacteria|o__Campylobacterales|f__Campylobacteraceae|g__Campylobacter|s__Campylobacter_hominis	2.48247456402323e-06	0.00833333333333333	s__Campylobacter_hominis
k__Bacteria|p__Proteobacteria|c__Epsilonproteobacteria|o__Campylobacterales|f__Campylobacteraceae|g__Campylobacter|s__Campylobacter_showae	2.47956066885695e-06	0.00833333333333333	s__Campylobacter_showae
k__Bacteria|p__Actinobacteria|c__Coriobacteriia|o__Coriobacteriales|f__Coriobacteriaceae|g__Enorma|s__Enorma_massiliensis	2.39307226834662e-06	0.0916666666666667	s__Enorma_massiliensis
k__Bacteria|p__Firmicutes|c__Bacilli|o__Bacillales|f__Staphylococcaceae|g__Staphylococcus|s__Staphylococcus_hominis	2.3905216118157e-06	0.00833333333333333	s__Staphylococcus_hominis
k__Bacteria|p__Firmicutes|c__Clostridia|o__Clostridiales|f__Oscillospiraceae|g__Oscillibacter|s__Oscillibacter_sp_CAG_241	2.35301331840966e-06	0.025	s__Oscillibacter_sp_CAG_241
k__Bacteria|p__Firmicutes|c__Bacilli|o__Lactobacillales|f__Leuconostocaceae|g__Leuconostoc|s__Leuconostoc_mesenteroides	2.29124940137612e-06	0.0333333333333333	s__Leuconostoc_mesenteroides
k__Bacteria|p__Firmicutes|c__Bacilli|o__Lactobacillales|f__Streptococcaceae|g__Streptococcus|s__Streptococcus_australis	2.24100365689265e-06	0.0333333333333333	s__Streptococcus_australis
k__Bacteria|p__Fusobacteria|c__Fusobacteriia|o__Fusobacteriales|f__Fusobacteriaceae|g__Fusobacterium|s__Fusobacterium_mortiferum	2.19934107141225e-06	0.00833333333333333	s__Fusobacterium_mortiferum
k__Bacteria|p__Proteobacteria|c__Epsilonproteobacteria|o__Campylobacterales|f__Campylobacteraceae|g__Campylobacter|s__Campylobacter_upsaliensis	2.14666645200002e-06	0.00833333333333333	s__Campylobacter_upsaliensis
k__Bacteria|p__Firmicutes|c__Clostridia|o__Clostridiales|f__Clostridiales_unclassified|g__Clostridiales_unclassified|s__Clostridiales_bacterium_1_7_47FAA	2.14041896121318e-06	0.025	s__Clostridiales_bacterium_1_7_47FAA
k__Bacteria|p__Firmicutes|c__Clostridia|o__Clostridiales|f__Lachnospiraceae|g__Lachnoclostridium|s__Lachnoclostridium_sp_An76	2.13690493156654e-06	0.00833333333333333	s__Lachnoclostridium_sp_An76
k__Bacteria|p__Firmicutes|c__Clostridia|o__Clostridiales|f__Peptostreptococcaceae|g__Paraclostridium|s__Paraclostridium_bifermentans	2.00666666666667e-06	0.00833333333333333	s__Paraclostridium_bifermentans
k__Bacteria|p__Actinobacteria|c__Actinobacteria|o__Actinomycetales|f__Actinomycetaceae|g__Actinomyces|s__Actinomyces_sp_HPA0247	1.94421567724511e-06	0.0416666666666667	s__Actinomyces_sp_HPA0247
k__Bacteria|p__Firmicutes|c__Clostridia|o__Clostridiales|f__Clostridiaceae|g__Lactonifactor|s__Lactonifactor_longoviformis	1.89916628683341e-06	0.00833333333333333	s__Lactonifactor_longoviformis
k__Bacteria|p__Firmicutes|c__Clostridia|o__Clostridiales|f__Peptostreptococcaceae|g__Peptostreptococcus|s__Peptostreptococcus_anaerobius	1.75517207673102e-06	0.0166666666666667	s__Peptostreptococcus_anaerobius
k__Bacteria|p__Firmicutes|c__Clostridia|o__Clostridiales|f__Peptostreptococcaceae|g__Peptostreptococcus|s__Peptostreptococcus_stomatis	1.70927999193013e-06	0.00833333333333333	s__Peptostreptococcus_stomatis
k__Bacteria|p__Bacteroidetes|c__Bacteroidia|o__Bacteroidales|f__Barnesiellaceae|g__Coprobacter|s__Coprobacter_secundus	1.70108169126026e-06	0.00833333333333333	s__Coprobacter_secundus
k__Bacteria|p__Actinobacteria|c__Actinobacteria|o__Actinomycetales|f__Actinomycetaceae|g__Actinomyces|s__Actinomyces_graevenitzii	1.54087172562902e-06	0.0166666666666667	s__Actinomyces_graevenitzii
k__Bacteria|p__Firmicutes|c__Bacilli|o__Lactobacillales|f__Streptococcaceae|g__Streptococcus|s__Streptococcus_infantis	1.43734895951477e-06	0.0333333333333333	s__Streptococcus_infantis
k__Bacteria|p__Firmicutes|c__Bacilli|o__Lactobacillales|f__Streptococcaceae|g__Streptococcus|s__Streptococcus_sp_F0442	1.43437769771368e-06	0.025	s__Streptococcus_sp_F0442
k__Bacteria|p__Firmicutes|c__Clostridia|o__Clostridiales|f__Clostridiaceae|g__Hungatella|s__Hungatella_effluvii	1.41555801296871e-06	0.00833333333333333	s__Hungatella_effluvii
k__Bacteria|p__Firmicutes|c__Clostridia|o__Clostridiales|f__Lachnospiraceae|g__Lachnoclostridium|s__Lachnoclostridium_sp_An131	1.36360454928435e-06	0.0166666666666667	s__Lachnoclostridium_sp_An131
k__Bacteria|p__Proteobacteria|c__Gammaproteobacteria|o__Pasteurellales|f__Pasteurellaceae|g__Haemophilus|s__Haemophilus_haemolyticus	1.32000026400005e-06	0.00833333333333333	s__Haemophilus_haemolyticus
k__Bacteria|p__Firmicutes|c__Clostridia|o__Clostridiales|f__Lachnospiraceae|g__Faecalicatena|s__Faecalicatena_orotica	1.28630425015738e-06	0.0166666666666667	s__Faecalicatena_orotica
k__Bacteria|p__Firmicutes|c__Bacilli|o__Lactobacillales|f__Streptococcaceae|g__Streptococcus|s__Streptococcus_salivarius_CAG_79	1.25750025150005e-06	0.00833333333333333	s__Streptococcus_salivarius_CAG_79
k__Bacteria|p__Bacteroidetes|c__Bacteroidia|o__Bacteroidales|f__Porphyromonadaceae|g__Porphyromonas|s__Porphyromonas_sp_HMSC065F10	1.14152107683488e-06	0.00833333333333333	s__Porphyromonas_sp_HMSC065F10
k__Bacteria|p__Firmicutes|c__Bacilli|o__Bacillales|f__Bacillales_unclassified|g__Gemella|s__Gemella_morbillorum	1.1073088223391e-06	0.00833333333333333	s__Gemella_morbillorum
k__Bacteria|p__Firmicutes|c__Bacilli|o__Lactobacillales|f__Lactobacillaceae|g__Lactobacillus|s__Lactobacillus_delbrueckii	1.0509534573135e-06	0.00833333333333333	s__Lactobacillus_delbrueckii
k__Bacteria|p__Firmicutes|c__Clostridia|o__Clostridiales|f__Clostridiales_unclassified|g__Clostridiales_unclassified|s__Clostridiales_bacterium_CHKCI006	9.54166380416753e-07	0.00833333333333333	s__Clostridiales_bacterium_CHKCI006
k__Bacteria|p__Firmicutes|c__Clostridia|o__Clostridiales|f__Clostridiaceae|g__Clostridium|s__Clostridium_sp_CAG_167	9.45416489919241e-07	0.0166666666666667	s__Clostridium_sp_CAG_167
k__Bacteria|p__Proteobacteria|c__Gammaproteobacteria|o__Pasteurellales|f__Pasteurellaceae|g__Haemophilus|s__Haemophilus_parahaemolyticus	8.59999914000009e-07	0.00833333333333333	s__Haemophilus_parahaemolyticus
k__Bacteria|p__Actinobacteria|c__Coriobacteriia|o__Coriobacteriales|f__Atopobiaceae|g__Olsenella|s__Olsenella_scatoligenes	8.55686859842395e-07	0.00833333333333333	s__Olsenella_scatoligenes
k__Bacteria|p__Firmicutes|c__Negativicutes|o__Selenomonadales|f__Selenomonadaceae|g__Selenomonas|s__Selenomonas_noxia	7.88333569833404e-07	0.00833333333333333	s__Selenomonas_noxia
k__Bacteria|p__Proteobacteria|c__Gammaproteobacteria|o__Enterobacterales|f__Enterobacteriaceae|g__Escherichia|s__Escherichia_marmotae	7.26391783336362e-07	0.00833333333333333	s__Escherichia_marmotae
k__Bacteria|p__Firmicutes|c__Clostridia|o__Clostridiales|f__Lachnospiraceae|g__Lachnoclostridium|s__Lachnoclostridium_sp_An138	6.91333010800336e-07	0.0333333333333333	s__Lachnoclostridium_sp_An138
k__Bacteria|p__Firmicutes|c__Bacilli|o__Lactobacillales|f__Streptococcaceae|g__Streptococcus|s__Streptococcus_peroris	6.8948741852039e-07	0.0166666666666667	s__Streptococcus_peroris
k__Bacteria|p__Actinobacteria|c__Actinobacteria|o__Corynebacteriales|f__Corynebacteriaceae|g__Corynebacterium|s__Corynebacterium_argentoratense	5.92254360668758e-07	0.00833333333333333	s__Corynebacterium_argentoratense
k__Bacteria|p__Firmicutes|c__Clostridia|o__Clostridiales|f__Lachnospiraceae|g__Robinsoniella|s__Robinsoniella_sp_RHS	5.55e-07	0.00833333333333333	s__Robinsoniella_sp_RHS
k__Bacteria|p__Fusobacteria|c__Fusobacteriia|o__Fusobacteriales|f__Fusobacteriaceae|g__Fusobacterium|s__Fusobacterium_nucleatum	5.45046330749613e-07	0.0166666666666667	s__Fusobacterium_nucleatum
k__Bacteria|p__Actinobacteria|c__Actinobacteria|o__Actinomycetales|f__Actinomycetaceae|g__Actinomyces|s__Actinomyces_sp_oral_taxon_181	4.97499950250005e-07	0.00833333333333333	s__Actinomyces_sp_oral_taxon_181
k__Bacteria|p__Firmicutes|c__Tissierellia|o__Tissierellia_unclassified|f__Tissierellia_unclassified|g__Tissierellia_unclassified|s__Bacteroides_coagulans	4.64785994003677e-07	0.00833333333333333	s__Bacteroides_coagulans
k__Bacteria|p__Proteobacteria|c__Gammaproteobacteria|o__Enterobacterales|f__Morganellaceae|g__Proteus|s__Proteus_vulgaris	4.52530002739182e-07	0.00833333333333333	s__Proteus_vulgaris
k__Bacteria|p__Bacteroidetes|c__Bacteroidia|o__Bacteroidales|f__Rikenellaceae|g__Alistipes|s__Alistipes_onderdonkii	4.46821088034692e-07	0.00833333333333333	s__Alistipes_onderdonkii
k__Bacteria|p__Fusobacteria|c__Fusobacteriia|o__Fusobacteriales|f__Fusobacteriaceae|g__Fusobacterium|s__Fusobacterium_periodonticum	4.24999957500004e-07	0.00833333333333333	s__Fusobacterium_periodonticum
k__Bacteria|p__Proteobacteria|c__Gammaproteobacteria|o__Pasteurellales|f__Pasteurellaceae|g__Aggregatibacter|s__Aggregatibacter_aphrophilus	4.12075569254037e-07	0.00833333333333333	s__Aggregatibacter_aphrophilus
k__Bacteria|p__Firmicutes|c__Bacilli|o__Lactobacillales|f__Streptococcaceae|g__Streptococcus|s__Streptococcus_mutans	4.011417310962e-07	0.00833333333333333	s__Streptococcus_mutans
k__Bacteria|p__Bacteroidetes|c__Bacteroidia|o__Bacteroidales|f__Prevotellaceae|g__Prevotella|s__Prevotella_colorans	3.14239035916638e-07	0.00833333333333333	s__Prevotella_colorans
k__Bacteria|p__Firmicutes|c__Clostridia|o__Clostridiales|f__Peptostreptococcaceae|g__Terrisporobacter|s__Terrisporobacter_othiniensis	2.73333306000003e-07	0.00833333333333333	s__Terrisporobacter_othiniensis
k__Bacteria|p__Firmicutes|c__Bacilli|o__Lactobacillales|f__Leuconostocaceae|g__Leuconostoc|s__Leuconostoc_gelidum	2.56666769333374e-07	0.00833333333333333	s__Leuconostoc_gelidum
k__Bacteria|p__Actinobacteria|c__Coriobacteriia|o__Eggerthellales|f__Eggerthellaceae|g__Denitrobacterium|s__Denitrobacterium_detoxificans	2.46833099740976e-07	0.0166666666666667	s__Denitrobacterium_detoxificans
k__Bacteria|p__Firmicutes|c__Erysipelotrichia|o__Erysipelotrichales|f__Erysipelotrichaceae|g__Solobacterium|s__Solobacterium_moorei	2.36739985040034e-07	0.00833333333333333	s__Solobacterium_moorei
k__Bacteria|p__Firmicutes|c__Clostridia|o__Clostridiales|f__Lachnospiraceae|g__Lachnoclostridium|s__Lachnoclostridium_sp_An118	1.92499965666673e-07	0.0166666666666667	s__Lachnoclostridium_sp_An118
k__Bacteria|p__Firmicutes|c__Firmicutes_unclassified|o__Firmicutes_unclassified|f__Firmicutes_unclassified|g__Firmicutes_unclassified|s__Firmicutes_bacterium_CAG_95	1.87644260907786e-07	0.00833333333333333	s__Firmicutes_bacterium_CAG_95
k__Bacteria|p__Firmicutes|c__Bacilli|o__Lactobacillales|f__Streptococcaceae|g__Lactococcus|s__Lactococcus_raffinolactis	1.85833351916669e-07	0.00833333333333333	s__Lactococcus_raffinolactis
k__Bacteria|p__Firmicutes|c__Bacilli|o__Lactobacillales|f__Streptococcaceae|g__Streptococcus|s__Streptococcus_sp_SK643	1.75833315750002e-07	0.00833333333333333	s__Streptococcus_sp_SK643
k__Bacteria|p__Firmicutes|c__Clostridia|o__Clostridiales|f__Ruminococcaceae|g__Ruminococcaceae_unclassified|s__Clostridium_methylpentosum	1.60859827758719e-07	0.0166666666666667	s__Clostridium_methylpentosum
k__Bacteria|p__Firmicutes|c__Clostridia|o__Clostridiales|f__Ruminococcaceae|g__Ruminococcus|s__Ruminococcus_obeum_CAG_39	1.26714273219115e-07	0.00833333333333333	s__Ruminococcus_obeum_CAG_39
k__Bacteria|p__Proteobacteria|c__Gammaproteobacteria|o__Enterobacterales|f__Enterobacteriaceae|g__Atlantibacter|s__Atlantibacter_hermannii	1.13333322000001e-07	0.00833333333333333	s__Atlantibacter_hermannii
k__Bacteria|p__Firmicutes|c__Clostridia|o__Clostridiales|f__Lachnospiraceae|g__Murimonas|s__Murimonas_intestini	1.00045841004348e-07	0.00833333333333333	s__Murimonas_intestini
